[
    {
        "label": "0",
        "name": "tench"
    },
    {
        "label": "1",
        "name": "goldfish"
    },
    {
        "label": "2",
        "name": "great white shark"
    },
    {
        "label": "3",
        "name": "tiger shark"
    },
    {
        "label": "4",
        "name": "hammerhead"
    },
    {
        "label": "5",
        "name": "electric ray"
    },
    {
        "label": "6",
        "name": "stingray"
    },
    {
        "label": "7",
        "name": "cock"
    },
    {
        "label": "8",
        "name": "hen"
    },
    {
        "label": "9",
        "name": "ostrich"
    },
    {
        "label": "10",
        "name": "brambling"
    },
    {
        "label": "11",
        "name": "goldfinch"
    },
    {
        "label": "12",
        "name": "house finch"
    },
    {
        "label": "13",
        "name": "junco"
    },
    {
        "label": "14",
        "name": "indigo bunting"
    },
    {
        "label": "15",
        "name": "robin"
    },
    {
        "label": "16",
        "name": "bulbul"
    },
    {
        "label": "17",
        "name": "jay"
    },
    {
        "label": "18",
        "name": "magpie"
    },
    {
        "label": "19",
        "name": "chickadee"
    },
    {
        "label": "20",
        "name": "water ouzel"
    },
    {
        "label": "21",
        "name": "kite"
    },
    {
        "label": "22",
        "name": "bald eagle"
    },
    {
        "label": "23",
        "name": "vulture"
    },
    {
        "label": "24",
        "name": "great grey owl"
    },
    {
        "label": "25",
        "name": "European fire salamander"
    },
    {
        "label": "26",
        "name": "common newt"
    },
    {
        "label": "27",
        "name": "eft"
    },
    {
        "label": "28",
        "name": "spotted salamander"
    },
    {
        "label": "29",
        "name": "axolotl"
    },
    {
        "label": "30",
        "name": "bullfrog"
    },
    {
        "label": "31",
        "name": "tree frog"
    },
    {
        "label": "32",
        "name": "tailed frog"
    },
    {
        "label": "33",
        "name": "loggerhead"
    },
    {
        "label": "34",
        "name": "leatherback turtle"
    },
    {
        "label": "35",
        "name": "mud turtle"
    },
    {
        "label": "36",
        "name": "terrapin"
    },
    {
        "label": "37",
        "name": "box turtle"
    },
    {
        "label": "38",
        "name": "banded gecko"
    },
    {
        "label": "39",
        "name": "common iguana"
    },
    {
        "label": "40",
        "name": "American chameleon"
    },
    {
        "label": "41",
        "name": "whiptail"
    },
    {
        "label": "42",
        "name": "agama"
    },
    {
        "label": "43",
        "name": "frilled lizard"
    },
    {
        "label": "44",
        "name": "alligator lizard"
    },
    {
        "label": "45",
        "name": "Gila monster"
    },
    {
        "label": "46",
        "name": "green lizard"
    },
    {
        "label": "47",
        "name": "African chameleon"
    },
    {
        "label": "48",
        "name": "Komodo dragon"
    },
    {
        "label": "49",
        "name": "African crocodile"
    },
    {
        "label": "50",
        "name": "American alligator"
    },
    {
        "label": "51",
        "name": "triceratops"
    },
    {
        "label": "52",
        "name": "thunder snake"
    },
    {
        "label": "53",
        "name": "ringneck snake"
    },
    {
        "label": "54",
        "name": "hognose snake"
    },
    {
        "label": "55",
        "name": "green snake"
    },
    {
        "label": "56",
        "name": "king snake"
    },
    {
        "label": "57",
        "name": "garter snake"
    },
    {
        "label": "58",
        "name": "water snake"
    },
    {
        "label": "59",
        "name": "vine snake"
    },
    {
        "label": "60",
        "name": "night snake"
    },
    {
        "label": "61",
        "name": "boa constrictor"
    },
    {
        "label": "62",
        "name": "rock python"
    },
    {
        "label": "63",
        "name": "Indian cobra"
    },
    {
        "label": "64",
        "name": "green mamba"
    },
    {
        "label": "65",
        "name": "sea snake"
    },
    {
        "label": "66",
        "name": "horned viper"
    },
    {
        "label": "67",
        "name": "diamondback"
    },
    {
        "label": "68",
        "name": "sidewinder"
    },
    {
        "label": "69",
        "name": "trilobite"
    },
    {
        "label": "70",
        "name": "harvestman"
    },
    {
        "label": "71",
        "name": "scorpion"
    },
    {
        "label": "72",
        "name": "black and gold garden spider"
    },
    {
        "label": "73",
        "name": "barn spider"
    },
    {
        "label": "74",
        "name": "garden spider"
    },
    {
        "label": "75",
        "name": "black widow"
    },
    {
        "label": "76",
        "name": "tarantula"
    },
    {
        "label": "77",
        "name": "wolf spider"
    },
    {
        "label": "78",
        "name": "tick"
    },
    {
        "label": "79",
        "name": "centipede"
    },
    {
        "label": "80",
        "name": "black grouse"
    },
    {
        "label": "81",
        "name": "ptarmigan"
    },
    {
        "label": "82",
        "name": "ruffed grouse"
    },
    {
        "label": "83",
        "name": "prairie chicken"
    },
    {
        "label": "84",
        "name": "peacock"
    },
    {
        "label": "85",
        "name": "quail"
    },
    {
        "label": "86",
        "name": "partridge"
    },
    {
        "label": "87",
        "name": "African grey"
    },
    {
        "label": "88",
        "name": "macaw"
    },
    {
        "label": "89",
        "name": "sulphur-crested cockatoo"
    },
    {
        "label": "90",
        "name": "lorikeet"
    },
    {
        "label": "91",
        "name": "coucal"
    },
    {
        "label": "92",
        "name": "bee eater"
    },
    {
        "label": "93",
        "name": "hornbill"
    },
    {
        "label": "94",
        "name": "hummingbird"
    },
    {
        "label": "95",
        "name": "jacamar"
    },
    {
        "label": "96",
        "name": "toucan"
    },
    {
        "label": "97",
        "name": "drake"
    },
    {
        "label": "98",
        "name": "red-breasted merganser"
    },
    {
        "label": "99",
        "name": "goose"
    },
    {
        "label": "100",
        "name": "black swan"
    },
    {
        "label": "101",
        "name": "tusker"
    },
    {
        "label": "102",
        "name": "echidna"
    },
    {
        "label": "103",
        "name": "platypus"
    },
    {
        "label": "104",
        "name": "wallaby"
    },
    {
        "label": "105",
        "name": "koala"
    },
    {
        "label": "106",
        "name": "wombat"
    },
    {
        "label": "107",
        "name": "jellyfish"
    },
    {
        "label": "108",
        "name": "sea anemone"
    },
    {
        "label": "109",
        "name": "brain coral"
    },
    {
        "label": "110",
        "name": "flatworm"
    },
    {
        "label": "111",
        "name": "nematode"
    },
    {
        "label": "112",
        "name": "conch"
    },
    {
        "label": "113",
        "name": "snail"
    },
    {
        "label": "114",
        "name": "slug"
    },
    {
        "label": "115",
        "name": "sea slug"
    },
    {
        "label": "116",
        "name": "chiton"
    },
    {
        "label": "117",
        "name": "chambered nautilus"
    },
    {
        "label": "118",
        "name": "Dungeness crab"
    },
    {
        "label": "119",
        "name": "rock crab"
    },
    {
        "label": "120",
        "name": "fiddler crab"
    },
    {
        "label": "121",
        "name": "king crab"
    },
    {
        "label": "122",
        "name": "American lobster"
    },
    {
        "label": "123",
        "name": "spiny lobster"
    },
    {
        "label": "124",
        "name": "crayfish"
    },
    {
        "label": "125",
        "name": "hermit crab"
    },
    {
        "label": "126",
        "name": "isopod"
    },
    {
        "label": "127",
        "name": "white stork"
    },
    {
        "label": "128",
        "name": "black stork"
    },
    {
        "label": "129",
        "name": "spoonbill"
    },
    {
        "label": "130",
        "name": "flamingo"
    },
    {
        "label": "131",
        "name": "little blue heron"
    },
    {
        "label": "132",
        "name": "American egret"
    },
    {
        "label": "133",
        "name": "bittern"
    },
    {
        "label": "134",
        "name": "crane"
    },
    {
        "label": "135",
        "name": "limpkin"
    },
    {
        "label": "136",
        "name": "European gallinule"
    },
    {
        "label": "137",
        "name": "American coot"
    },
    {
        "label": "138",
        "name": "bustard"
    },
    {
        "label": "139",
        "name": "ruddy turnstone"
    },
    {
        "label": "140",
        "name": "red-backed sandpiper"
    },
    {
        "label": "141",
        "name": "redshank"
    },
    {
        "label": "142",
        "name": "dowitcher"
    },
    {
        "label": "143",
        "name": "oystercatcher"
    },
    {
        "label": "144",
        "name": "pelican"
    },
    {
        "label": "145",
        "name": "king penguin"
    },
    {
        "label": "146",
        "name": "albatross"
    },
    {
        "label": "147",
        "name": "grey whale"
    },
    {
        "label": "148",
        "name": "killer whale"
    },
    {
        "label": "149",
        "name": "dugong"
    },
    {
        "label": "150",
        "name": "sea lion"
    },
    {
        "label": "151",
        "name": "Chihuahua"
    },
    {
        "label": "152",
        "name": "Japanese spaniel"
    },
    {
        "label": "153",
        "name": "Maltese dog"
    },
    {
        "label": "154",
        "name": "Pekinese"
    },
    {
        "label": "155",
        "name": "Shih-Tzu"
    },
    {
        "label": "156",
        "name": "Blenheim spaniel"
    },
    {
        "label": "157",
        "name": "papillon"
    },
    {
        "label": "158",
        "name": "toy terrier"
    },
    {
        "label": "159",
        "name": "Rhodesian ridgeback"
    },
    {
        "label": "160",
        "name": "Afghan hound"
    },
    {
        "label": "161",
        "name": "basset"
    },
    {
        "label": "162",
        "name": "beagle"
    },
    {
        "label": "163",
        "name": "bloodhound"
    },
    {
        "label": "164",
        "name": "bluetick"
    },
    {
        "label": "165",
        "name": "black-and-tan coonhound"
    },
    {
        "label": "166",
        "name": "Walker hound"
    },
    {
        "label": "167",
        "name": "English foxhound"
    },
    {
        "label": "168",
        "name": "redbone"
    },
    {
        "label": "169",
        "name": "borzoi"
    },
    {
        "label": "170",
        "name": "Irish wolfhound"
    },
    {
        "label": "171",
        "name": "Italian greyhound"
    },
    {
        "label": "172",
        "name": "whippet"
    },
    {
        "label": "173",
        "name": "Ibizan hound"
    },
    {
        "label": "174",
        "name": "Norwegian elkhound"
    },
    {
        "label": "175",
        "name": "otterhound"
    },
    {
        "label": "176",
        "name": "Saluki"
    },
    {
        "label": "177",
        "name": "Scottish deerhound"
    },
    {
        "label": "178",
        "name": "Weimaraner"
    },
    {
        "label": "179",
        "name": "Staffordshire bullterrier"
    },
    {
        "label": "180",
        "name": "American Staffordshire terrier"
    },
    {
        "label": "181",
        "name": "Bedlington terrier"
    },
    {
        "label": "182",
        "name": "Border terrier"
    },
    {
        "label": "183",
        "name": "Kerry blue terrier"
    },
    {
        "label": "184",
        "name": "Irish terrier"
    },
    {
        "label": "185",
        "name": "Norfolk terrier"
    },
    {
        "label": "186",
        "name": "Norwich terrier"
    },
    {
        "label": "187",
        "name": "Yorkshire terrier"
    },
    {
        "label": "188",
        "name": "wire-haired fox terrier"
    },
    {
        "label": "189",
        "name": "Lakeland terrier"
    },
    {
        "label": "190",
        "name": "Sealyham terrier"
    },
    {
        "label": "191",
        "name": "Airedale"
    },
    {
        "label": "192",
        "name": "cairn"
    },
    {
        "label": "193",
        "name": "Australian terrier"
    },
    {
        "label": "194",
        "name": "Dandie Dinmont"
    },
    {
        "label": "195",
        "name": "Boston bull"
    },
    {
        "label": "196",
        "name": "miniature schnauzer"
    },
    {
        "label": "197",
        "name": "giant schnauzer"
    },
    {
        "label": "198",
        "name": "standard schnauzer"
    },
    {
        "label": "199",
        "name": "Scotch terrier"
    },
    {
        "label": "200",
        "name": "Tibetan terrier"
    },
    {
        "label": "201",
        "name": "silky terrier"
    },
    {
        "label": "202",
        "name": "soft-coated wheaten terrier"
    },
    {
        "label": "203",
        "name": "West Highland white terrier"
    },
    {
        "label": "204",
        "name": "Lhasa"
    },
    {
        "label": "205",
        "name": "flat-coated retriever"
    },
    {
        "label": "206",
        "name": "curly-coated retriever"
    },
    {
        "label": "207",
        "name": "golden retriever"
    },
    {
        "label": "208",
        "name": "Labrador retriever"
    },
    {
        "label": "209",
        "name": "Chesapeake Bay retriever"
    },
    {
        "label": "210",
        "name": "German short-haired pointer"
    },
    {
        "label": "211",
        "name": "vizsla"
    },
    {
        "label": "212",
        "name": "English setter"
    },
    {
        "label": "213",
        "name": "Irish setter"
    },
    {
        "label": "214",
        "name": "Gordon setter"
    },
    {
        "label": "215",
        "name": "Brittany spaniel"
    },
    {
        "label": "216",
        "name": "clumber"
    },
    {
        "label": "217",
        "name": "English springer"
    },
    {
        "label": "218",
        "name": "Welsh springer spaniel"
    },
    {
        "label": "219",
        "name": "cocker spaniel"
    },
    {
        "label": "220",
        "name": "Sussex spaniel"
    },
    {
        "label": "221",
        "name": "Irish water spaniel"
    },
    {
        "label": "222",
        "name": "kuvasz"
    },
    {
        "label": "223",
        "name": "schipperke"
    },
    {
        "label": "224",
        "name": "groenendael"
    },
    {
        "label": "225",
        "name": "malinois"
    },
    {
        "label": "226",
        "name": "briard"
    },
    {
        "label": "227",
        "name": "kelpie"
    },
    {
        "label": "228",
        "name": "komondor"
    },
    {
        "label": "229",
        "name": "Old English sheepdog"
    },
    {
        "label": "230",
        "name": "Shetland sheepdog"
    },
    {
        "label": "231",
        "name": "collie"
    },
    {
        "label": "232",
        "name": "Border collie"
    },
    {
        "label": "233",
        "name": "Bouvier des Flandres"
    },
    {
        "label": "234",
        "name": "Rottweiler"
    },
    {
        "label": "235",
        "name": "German shepherd"
    },
    {
        "label": "236",
        "name": "Doberman"
    },
    {
        "label": "237",
        "name": "miniature pinscher"
    },
    {
        "label": "238",
        "name": "Greater Swiss Mountain dog"
    },
    {
        "label": "239",
        "name": "Bernese mountain dog"
    },
    {
        "label": "240",
        "name": "Appenzeller"
    },
    {
        "label": "241",
        "name": "EntleBucher"
    },
    {
        "label": "242",
        "name": "boxer"
    },
    {
        "label": "243",
        "name": "bull mastiff"
    },
    {
        "label": "244",
        "name": "Tibetan mastiff"
    },
    {
        "label": "245",
        "name": "French bulldog"
    },
    {
        "label": "246",
        "name": "Great Dane"
    },
    {
        "label": "247",
        "name": "Saint Bernard"
    },
    {
        "label": "248",
        "name": "Eskimo dog"
    },
    {
        "label": "249",
        "name": "malamute"
    },
    {
        "label": "250",
        "name": "Siberian husky"
    },
    {
        "label": "251",
        "name": "dalmatian"
    },
    {
        "label": "252",
        "name": "affenpinscher"
    },
    {
        "label": "253",
        "name": "basenji"
    },
    {
        "label": "254",
        "name": "pug"
    },
    {
        "label": "255",
        "name": "Leonberg"
    },
    {
        "label": "256",
        "name": "Newfoundland"
    },
    {
        "label": "257",
        "name": "Great Pyrenees"
    },
    {
        "label": "258",
        "name": "Samoyed"
    },
    {
        "label": "259",
        "name": "Pomeranian"
    },
    {
        "label": "260",
        "name": "chow"
    },
    {
        "label": "261",
        "name": "keeshond"
    },
    {
        "label": "262",
        "name": "Brabancon griffon"
    },
    {
        "label": "263",
        "name": "Pembroke"
    },
    {
        "label": "264",
        "name": "Cardigan"
    },
    {
        "label": "265",
        "name": "toy poodle"
    },
    {
        "label": "266",
        "name": "miniature poodle"
    },
    {
        "label": "267",
        "name": "standard poodle"
    },
    {
        "label": "268",
        "name": "Mexican hairless"
    },
    {
        "label": "269",
        "name": "timber wolf"
    },
    {
        "label": "270",
        "name": "white wolf"
    },
    {
        "label": "271",
        "name": "red wolf"
    },
    {
        "label": "272",
        "name": "coyote"
    },
    {
        "label": "273",
        "name": "dingo"
    },
    {
        "label": "274",
        "name": "dhole"
    },
    {
        "label": "275",
        "name": "African hunting dog"
    },
    {
        "label": "276",
        "name": "hyena"
    },
    {
        "label": "277",
        "name": "red fox"
    },
    {
        "label": "278",
        "name": "kit fox"
    },
    {
        "label": "279",
        "name": "Arctic fox"
    },
    {
        "label": "280",
        "name": "grey fox"
    },
    {
        "label": "281",
        "name": "tabby"
    },
    {
        "label": "282",
        "name": "tiger cat"
    },
    {
        "label": "283",
        "name": "Persian cat"
    },
    {
        "label": "284",
        "name": "Siamese cat"
    },
    {
        "label": "285",
        "name": "Egyptian cat"
    },
    {
        "label": "286",
        "name": "cougar"
    },
    {
        "label": "287",
        "name": "lynx"
    },
    {
        "label": "288",
        "name": "leopard"
    },
    {
        "label": "289",
        "name": "snow leopard"
    },
    {
        "label": "290",
        "name": "jaguar"
    },
    {
        "label": "291",
        "name": "lion"
    },
    {
        "label": "292",
        "name": "tiger"
    },
    {
        "label": "293",
        "name": "cheetah"
    },
    {
        "label": "294",
        "name": "brown bear"
    },
    {
        "label": "295",
        "name": "American black bear"
    },
    {
        "label": "296",
        "name": "ice bear"
    },
    {
        "label": "297",
        "name": "sloth bear"
    },
    {
        "label": "298",
        "name": "mongoose"
    },
    {
        "label": "299",
        "name": "meerkat"
    },
    {
        "label": "300",
        "name": "tiger beetle"
    },
    {
        "label": "301",
        "name": "ladybug"
    },
    {
        "label": "302",
        "name": "ground beetle"
    },
    {
        "label": "303",
        "name": "long-horned beetle"
    },
    {
        "label": "304",
        "name": "leaf beetle"
    },
    {
        "label": "305",
        "name": "dung beetle"
    },
    {
        "label": "306",
        "name": "rhinoceros beetle"
    },
    {
        "label": "307",
        "name": "weevil"
    },
    {
        "label": "308",
        "name": "fly"
    },
    {
        "label": "309",
        "name": "bee"
    },
    {
        "label": "310",
        "name": "ant"
    },
    {
        "label": "311",
        "name": "grasshopper"
    },
    {
        "label": "312",
        "name": "cricket"
    },
    {
        "label": "313",
        "name": "walking stick"
    },
    {
        "label": "314",
        "name": "cockroach"
    },
    {
        "label": "315",
        "name": "mantis"
    },
    {
        "label": "316",
        "name": "cicada"
    },
    {
        "label": "317",
        "name": "leafhopper"
    },
    {
        "label": "318",
        "name": "lacewing"
    },
    {
        "label": "319",
        "name": "dragonfly"
    },
    {
        "label": "320",
        "name": "damselfly"
    },
    {
        "label": "321",
        "name": "admiral"
    },
    {
        "label": "322",
        "name": "ringlet"
    },
    {
        "label": "323",
        "name": "monarch"
    },
    {
        "label": "324",
        "name": "cabbage butterfly"
    },
    {
        "label": "325",
        "name": "sulphur butterfly"
    },
    {
        "label": "326",
        "name": "lycaenid"
    },
    {
        "label": "327",
        "name": "starfish"
    },
    {
        "label": "328",
        "name": "sea urchin"
    },
    {
        "label": "329",
        "name": "sea cucumber"
    },
    {
        "label": "330",
        "name": "wood rabbit"
    },
    {
        "label": "331",
        "name": "hare"
    },
    {
        "label": "332",
        "name": "Angora"
    },
    {
        "label": "333",
        "name": "hamster"
    },
    {
        "label": "334",
        "name": "porcupine"
    },
    {
        "label": "335",
        "name": "fox squirrel"
    },
    {
        "label": "336",
        "name": "marmot"
    },
    {
        "label": "337",
        "name": "beaver"
    },
    {
        "label": "338",
        "name": "guinea pig"
    },
    {
        "label": "339",
        "name": "sorrel"
    },
    {
        "label": "340",
        "name": "zebra"
    },
    {
        "label": "341",
        "name": "hog"
    },
    {
        "label": "342",
        "name": "wild boar"
    },
    {
        "label": "343",
        "name": "warthog"
    },
    {
        "label": "344",
        "name": "hippopotamus"
    },
    {
        "label": "345",
        "name": "ox"
    },
    {
        "label": "346",
        "name": "water buffalo"
    },
    {
        "label": "347",
        "name": "bison"
    },
    {
        "label": "348",
        "name": "ram"
    },
    {
        "label": "349",
        "name": "bighorn"
    },
    {
        "label": "350",
        "name": "ibex"
    },
    {
        "label": "351",
        "name": "hartebeest"
    },
    {
        "label": "352",
        "name": "impala"
    },
    {
        "label": "353",
        "name": "gazelle"
    },
    {
        "label": "354",
        "name": "Arabian camel"
    },
    {
        "label": "355",
        "name": "llama"
    },
    {
        "label": "356",
        "name": "weasel"
    },
    {
        "label": "357",
        "name": "mink"
    },
    {
        "label": "358",
        "name": "polecat"
    },
    {
        "label": "359",
        "name": "black-footed ferret"
    },
    {
        "label": "360",
        "name": "otter"
    },
    {
        "label": "361",
        "name": "skunk"
    },
    {
        "label": "362",
        "name": "badger"
    },
    {
        "label": "363",
        "name": "armadillo"
    },
    {
        "label": "364",
        "name": "three-toed sloth"
    },
    {
        "label": "365",
        "name": "orangutan"
    },
    {
        "label": "366",
        "name": "gorilla"
    },
    {
        "label": "367",
        "name": "chimpanzee"
    },
    {
        "label": "368",
        "name": "gibbon"
    },
    {
        "label": "369",
        "name": "siamang"
    },
    {
        "label": "370",
        "name": "guenon"
    },
    {
        "label": "371",
        "name": "patas"
    },
    {
        "label": "372",
        "name": "baboon"
    },
    {
        "label": "373",
        "name": "macaque"
    },
    {
        "label": "374",
        "name": "langur"
    },
    {
        "label": "375",
        "name": "colobus"
    },
    {
        "label": "376",
        "name": "proboscis monkey"
    },
    {
        "label": "377",
        "name": "marmoset"
    },
    {
        "label": "378",
        "name": "capuchin"
    },
    {
        "label": "379",
        "name": "howler monkey"
    },
    {
        "label": "380",
        "name": "titi"
    },
    {
        "label": "381",
        "name": "spider monkey"
    },
    {
        "label": "382",
        "name": "squirrel monkey"
    },
    {
        "label": "383",
        "name": "Madagascar cat"
    },
    {
        "label": "384",
        "name": "indri"
    },
    {
        "label": "385",
        "name": "Indian elephant"
    },
    {
        "label": "386",
        "name": "African elephant"
    },
    {
        "label": "387",
        "name": "lesser panda"
    },
    {
        "label": "388",
        "name": "giant panda"
    },
    {
        "label": "389",
        "name": "barracouta"
    },
    {
        "label": "390",
        "name": "eel"
    },
    {
        "label": "391",
        "name": "coho"
    },
    {
        "label": "392",
        "name": "rock beauty"
    },
    {
        "label": "393",
        "name": "anemone fish"
    },
    {
        "label": "394",
        "name": "sturgeon"
    },
    {
        "label": "395",
        "name": "gar"
    },
    {
        "label": "396",
        "name": "lionfish"
    },
    {
        "label": "397",
        "name": "puffer"
    },
    {
        "label": "398",
        "name": "abacus"
    },
    {
        "label": "399",
        "name": "abaya"
    },
    {
        "label": "400",
        "name": "academic gown"
    },
    {
        "label": "401",
        "name": "accordion"
    },
    {
        "label": "402",
        "name": "acoustic guitar"
    },
    {
        "label": "403",
        "name": "aircraft carrier"
    },
    {
        "label": "404",
        "name": "airliner"
    },
    {
        "label": "405",
        "name": "airship"
    },
    {
        "label": "406",
        "name": "altar"
    },
    {
        "label": "407",
        "name": "ambulance"
    },
    {
        "label": "408",
        "name": "amphibian"
    },
    {
        "label": "409",
        "name": "analog clock"
    },
    {
        "label": "410",
        "name": "apiary"
    },
    {
        "label": "411",
        "name": "apron"
    },
    {
        "label": "412",
        "name": "ashcan"
    },
    {
        "label": "413",
        "name": "assault rifle"
    },
    {
        "label": "414",
        "name": "backpack"
    },
    {
        "label": "415",
        "name": "bakery"
    },
    {
        "label": "416",
        "name": "balance beam"
    },
    {
        "label": "417",
        "name": "balloon"
    },
    {
        "label": "418",
        "name": "ballpoint"
    },
    {
        "label": "419",
        "name": "Band Aid"
    },
    {
        "label": "420",
        "name": "banjo"
    },
    {
        "label": "421",
        "name": "bannister"
    },
    {
        "label": "422",
        "name": "barbell"
    },
    {
        "label": "423",
        "name": "barber chair"
    },
    {
        "label": "424",
        "name": "barbershop"
    },
    {
        "label": "425",
        "name": "barn"
    },
    {
        "label": "426",
        "name": "barometer"
    },
    {
        "label": "427",
        "name": "barrel"
    },
    {
        "label": "428",
        "name": "barrow"
    },
    {
        "label": "429",
        "name": "baseball"
    },
    {
        "label": "430",
        "name": "basketball"
    },
    {
        "label": "431",
        "name": "bassinet"
    },
    {
        "label": "432",
        "name": "bassoon"
    },
    {
        "label": "433",
        "name": "bathing cap"
    },
    {
        "label": "434",
        "name": "bath towel"
    },
    {
        "label": "435",
        "name": "bathtub"
    },
    {
        "label": "436",
        "name": "beach wagon"
    },
    {
        "label": "437",
        "name": "beacon"
    },
    {
        "label": "438",
        "name": "beaker"
    },
    {
        "label": "439",
        "name": "bearskin"
    },
    {
        "label": "440",
        "name": "beer bottle"
    },
    {
        "label": "441",
        "name": "beer glass"
    },
    {
        "label": "442",
        "name": "bell cote"
    },
    {
        "label": "443",
        "name": "bib"
    },
    {
        "label": "444",
        "name": "bicycle-built-for-two"
    },
    {
        "label": "445",
        "name": "bikini"
    },
    {
        "label": "446",
        "name": "binder"
    },
    {
        "label": "447",
        "name": "binoculars"
    },
    {
        "label": "448",
        "name": "birdhouse"
    },
    {
        "label": "449",
        "name": "boathouse"
    },
    {
        "label": "450",
        "name": "bobsled"
    },
    {
        "label": "451",
        "name": "bolo tie"
    },
    {
        "label": "452",
        "name": "bonnet"
    },
    {
        "label": "453",
        "name": "bookcase"
    },
    {
        "label": "454",
        "name": "bookshop"
    },
    {
        "label": "455",
        "name": "bottlecap"
    },
    {
        "label": "456",
        "name": "bow"
    },
    {
        "label": "457",
        "name": "bow tie"
    },
    {
        "label": "458",
        "name": "brass"
    },
    {
        "label": "459",
        "name": "brassiere"
    },
    {
        "label": "460",
        "name": "breakwater"
    },
    {
        "label": "461",
        "name": "breastplate"
    },
    {
        "label": "462",
        "name": "broom"
    },
    {
        "label": "463",
        "name": "bucket"
    },
    {
        "label": "464",
        "name": "buckle"
    },
    {
        "label": "465",
        "name": "bulletproof vest"
    },
    {
        "label": "466",
        "name": "bullet train"
    },
    {
        "label": "467",
        "name": "butcher shop"
    },
    {
        "label": "468",
        "name": "cab"
    },
    {
        "label": "469",
        "name": "caldron"
    },
    {
        "label": "470",
        "name": "candle"
    },
    {
        "label": "471",
        "name": "cannon"
    },
    {
        "label": "472",
        "name": "canoe"
    },
    {
        "label": "473",
        "name": "can opener"
    },
    {
        "label": "474",
        "name": "cardigan"
    },
    {
        "label": "475",
        "name": "car mirror"
    },
    {
        "label": "476",
        "name": "carousel"
    },
    {
        "label": "477",
        "name": "carpenter's kit"
    },
    {
        "label": "478",
        "name": "carton"
    },
    {
        "label": "479",
        "name": "car wheel"
    },
    {
        "label": "480",
        "name": "cash machine"
    },
    {
        "label": "481",
        "name": "cassette"
    },
    {
        "label": "482",
        "name": "cassette player"
    },
    {
        "label": "483",
        "name": "castle"
    },
    {
        "label": "484",
        "name": "catamaran"
    },
    {
        "label": "485",
        "name": "CD player"
    },
    {
        "label": "486",
        "name": "cello"
    },
    {
        "label": "487",
        "name": "cellular telephone"
    },
    {
        "label": "488",
        "name": "chain"
    },
    {
        "label": "489",
        "name": "chainlink fence"
    },
    {
        "label": "490",
        "name": "chain mail"
    },
    {
        "label": "491",
        "name": "chain saw"
    },
    {
        "label": "492",
        "name": "chest"
    },
    {
        "label": "493",
        "name": "chiffonier"
    },
    {
        "label": "494",
        "name": "chime"
    },
    {
        "label": "495",
        "name": "china cabinet"
    },
    {
        "label": "496",
        "name": "Christmas stocking"
    },
    {
        "label": "497",
        "name": "church"
    },
    {
        "label": "498",
        "name": "cinema"
    },
    {
        "label": "499",
        "name": "cleaver"
    },
    {
        "label": "500",
        "name": "cliff dwelling"
    },
    {
        "label": "501",
        "name": "cloak"
    },
    {
        "label": "502",
        "name": "clog"
    },
    {
        "label": "503",
        "name": "cocktail shaker"
    },
    {
        "label": "504",
        "name": "coffee mug"
    },
    {
        "label": "505",
        "name": "coffeepot"
    },
    {
        "label": "506",
        "name": "coil"
    },
    {
        "label": "507",
        "name": "combination lock"
    },
    {
        "label": "508",
        "name": "computer keyboard"
    },
    {
        "label": "509",
        "name": "confectionery"
    },
    {
        "label": "510",
        "name": "container ship"
    },
    {
        "label": "511",
        "name": "convertible"
    },
    {
        "label": "512",
        "name": "corkscrew"
    },
    {
        "label": "513",
        "name": "cornet"
    },
    {
        "label": "514",
        "name": "cowboy boot"
    },
    {
        "label": "515",
        "name": "cowboy hat"
    },
    {
        "label": "516",
        "name": "cradle"
    },
    {
        "label": "517",
        "name": "crane"
    },
    {
        "label": "518",
        "name": "crash helmet"
    },
    {
        "label": "519",
        "name": "crate"
    },
    {
        "label": "520",
        "name": "crib"
    },
    {
        "label": "521",
        "name": "Crock Pot"
    },
    {
        "label": "522",
        "name": "croquet ball"
    },
    {
        "label": "523",
        "name": "crutch"
    },
    {
        "label": "524",
        "name": "cuirass"
    },
    {
        "label": "525",
        "name": "dam"
    },
    {
        "label": "526",
        "name": "desk"
    },
    {
        "label": "527",
        "name": "desktop computer"
    },
    {
        "label": "528",
        "name": "dial telephone"
    },
    {
        "label": "529",
        "name": "diaper"
    },
    {
        "label": "530",
        "name": "digital clock"
    },
    {
        "label": "531",
        "name": "digital watch"
    },
    {
        "label": "532",
        "name": "dining table"
    },
    {
        "label": "533",
        "name": "dishrag"
    },
    {
        "label": "534",
        "name": "dishwasher"
    },
    {
        "label": "535",
        "name": "disk brake"
    },
    {
        "label": "536",
        "name": "dock"
    },
    {
        "label": "537",
        "name": "dogsled"
    },
    {
        "label": "538",
        "name": "dome"
    },
    {
        "label": "539",
        "name": "doormat"
    },
    {
        "label": "540",
        "name": "drilling platform"
    },
    {
        "label": "541",
        "name": "drum"
    },
    {
        "label": "542",
        "name": "drumstick"
    },
    {
        "label": "543",
        "name": "dumbbell"
    },
    {
        "label": "544",
        "name": "Dutch oven"
    },
    {
        "label": "545",
        "name": "electric fan"
    },
    {
        "label": "546",
        "name": "electric guitar"
    },
    {
        "label": "547",
        "name": "electric locomotive"
    },
    {
        "label": "548",
        "name": "entertainment center"
    },
    {
        "label": "549",
        "name": "envelope"
    },
    {
        "label": "550",
        "name": "espresso maker"
    },
    {
        "label": "551",
        "name": "face powder"
    },
    {
        "label": "552",
        "name": "feather boa"
    },
    {
        "label": "553",
        "name": "file"
    },
    {
        "label": "554",
        "name": "fireboat"
    },
    {
        "label": "555",
        "name": "fire engine"
    },
    {
        "label": "556",
        "name": "fire screen"
    },
    {
        "label": "557",
        "name": "flagpole"
    },
    {
        "label": "558",
        "name": "flute"
    },
    {
        "label": "559",
        "name": "folding chair"
    },
    {
        "label": "560",
        "name": "football helmet"
    },
    {
        "label": "561",
        "name": "forklift"
    },
    {
        "label": "562",
        "name": "fountain"
    },
    {
        "label": "563",
        "name": "fountain pen"
    },
    {
        "label": "564",
        "name": "four-poster"
    },
    {
        "label": "565",
        "name": "freight car"
    },
    {
        "label": "566",
        "name": "French horn"
    },
    {
        "label": "567",
        "name": "frying pan"
    },
    {
        "label": "568",
        "name": "fur coat"
    },
    {
        "label": "569",
        "name": "garbage truck"
    },
    {
        "label": "570",
        "name": "gasmask"
    },
    {
        "label": "571",
        "name": "gas pump"
    },
    {
        "label": "572",
        "name": "goblet"
    },
    {
        "label": "573",
        "name": "go-kart"
    },
    {
        "label": "574",
        "name": "golf ball"
    },
    {
        "label": "575",
        "name": "golfcart"
    },
    {
        "label": "576",
        "name": "gondola"
    },
    {
        "label": "577",
        "name": "gong"
    },
    {
        "label": "578",
        "name": "gown"
    },
    {
        "label": "579",
        "name": "grand piano"
    },
    {
        "label": "580",
        "name": "greenhouse"
    },
    {
        "label": "581",
        "name": "grille"
    },
    {
        "label": "582",
        "name": "grocery store"
    },
    {
        "label": "583",
        "name": "guillotine"
    },
    {
        "label": "584",
        "name": "hair slide"
    },
    {
        "label": "585",
        "name": "hair spray"
    },
    {
        "label": "586",
        "name": "half track"
    },
    {
        "label": "587",
        "name": "hammer"
    },
    {
        "label": "588",
        "name": "hamper"
    },
    {
        "label": "589",
        "name": "hand blower"
    },
    {
        "label": "590",
        "name": "hand-held computer"
    },
    {
        "label": "591",
        "name": "handkerchief"
    },
    {
        "label": "592",
        "name": "hard disc"
    },
    {
        "label": "593",
        "name": "harmonica"
    },
    {
        "label": "594",
        "name": "harp"
    },
    {
        "label": "595",
        "name": "harvester"
    },
    {
        "label": "596",
        "name": "hatchet"
    },
    {
        "label": "597",
        "name": "holster"
    },
    {
        "label": "598",
        "name": "home theater"
    },
    {
        "label": "599",
        "name": "honeycomb"
    },
    {
        "label": "600",
        "name": "hook"
    },
    {
        "label": "601",
        "name": "hoopskirt"
    },
    {
        "label": "602",
        "name": "horizontal bar"
    },
    {
        "label": "603",
        "name": "horse cart"
    },
    {
        "label": "604",
        "name": "hourglass"
    },
    {
        "label": "605",
        "name": "iPod"
    },
    {
        "label": "606",
        "name": "iron"
    },
    {
        "label": "607",
        "name": "jack-o'-lantern"
    },
    {
        "label": "608",
        "name": "jean"
    },
    {
        "label": "609",
        "name": "jeep"
    },
    {
        "label": "610",
        "name": "jersey"
    },
    {
        "label": "611",
        "name": "jigsaw puzzle"
    },
    {
        "label": "612",
        "name": "jinrikisha"
    },
    {
        "label": "613",
        "name": "joystick"
    },
    {
        "label": "614",
        "name": "kimono"
    },
    {
        "label": "615",
        "name": "knee pad"
    },
    {
        "label": "616",
        "name": "knot"
    },
    {
        "label": "617",
        "name": "lab coat"
    },
    {
        "label": "618",
        "name": "ladle"
    },
    {
        "label": "619",
        "name": "lampshade"
    },
    {
        "label": "620",
        "name": "laptop"
    },
    {
        "label": "621",
        "name": "lawn mower"
    },
    {
        "label": "622",
        "name": "lens cap"
    },
    {
        "label": "623",
        "name": "letter opener"
    },
    {
        "label": "624",
        "name": "library"
    },
    {
        "label": "625",
        "name": "lifeboat"
    },
    {
        "label": "626",
        "name": "lighter"
    },
    {
        "label": "627",
        "name": "limousine"
    },
    {
        "label": "628",
        "name": "liner"
    },
    {
        "label": "629",
        "name": "lipstick"
    },
    {
        "label": "630",
        "name": "Loafer"
    },
    {
        "label": "631",
        "name": "lotion"
    },
    {
        "label": "632",
        "name": "loudspeaker"
    },
    {
        "label": "633",
        "name": "loupe"
    },
    {
        "label": "634",
        "name": "lumbermill"
    },
    {
        "label": "635",
        "name": "magnetic compass"
    },
    {
        "label": "636",
        "name": "mailbag"
    },
    {
        "label": "637",
        "name": "mailbox"
    },
    {
        "label": "638",
        "name": "maillot"
    },
    {
        "label": "639",
        "name": "maillot"
    },
    {
        "label": "640",
        "name": "manhole cover"
    },
    {
        "label": "641",
        "name": "maraca"
    },
    {
        "label": "642",
        "name": "marimba"
    },
    {
        "label": "643",
        "name": "mask"
    },
    {
        "label": "644",
        "name": "matchstick"
    },
    {
        "label": "645",
        "name": "maypole"
    },
    {
        "label": "646",
        "name": "maze"
    },
    {
        "label": "647",
        "name": "measuring cup"
    },
    {
        "label": "648",
        "name": "medicine chest"
    },
    {
        "label": "649",
        "name": "megalith"
    },
    {
        "label": "650",
        "name": "microphone"
    },
    {
        "label": "651",
        "name": "microwave"
    },
    {
        "label": "652",
        "name": "military uniform"
    },
    {
        "label": "653",
        "name": "milk can"
    },
    {
        "label": "654",
        "name": "minibus"
    },
    {
        "label": "655",
        "name": "miniskirt"
    },
    {
        "label": "656",
        "name": "minivan"
    },
    {
        "label": "657",
        "name": "missile"
    },
    {
        "label": "658",
        "name": "mitten"
    },
    {
        "label": "659",
        "name": "mixing bowl"
    },
    {
        "label": "660",
        "name": "mobile home"
    },
    {
        "label": "661",
        "name": "Model T"
    },
    {
        "label": "662",
        "name": "modem"
    },
    {
        "label": "663",
        "name": "monastery"
    },
    {
        "label": "664",
        "name": "monitor"
    },
    {
        "label": "665",
        "name": "moped"
    },
    {
        "label": "666",
        "name": "mortar"
    },
    {
        "label": "667",
        "name": "mortarboard"
    },
    {
        "label": "668",
        "name": "mosque"
    },
    {
        "label": "669",
        "name": "mosquito net"
    },
    {
        "label": "670",
        "name": "motor scooter"
    },
    {
        "label": "671",
        "name": "mountain bike"
    },
    {
        "label": "672",
        "name": "mountain tent"
    },
    {
        "label": "673",
        "name": "mouse"
    },
    {
        "label": "674",
        "name": "mousetrap"
    },
    {
        "label": "675",
        "name": "moving van"
    },
    {
        "label": "676",
        "name": "muzzle"
    },
    {
        "label": "677",
        "name": "nail"
    },
    {
        "label": "678",
        "name": "neck brace"
    },
    {
        "label": "679",
        "name": "necklace"
    },
    {
        "label": "680",
        "name": "nipple"
    },
    {
        "label": "681",
        "name": "notebook"
    },
    {
        "label": "682",
        "name": "obelisk"
    },
    {
        "label": "683",
        "name": "oboe"
    },
    {
        "label": "684",
        "name": "ocarina"
    },
    {
        "label": "685",
        "name": "odometer"
    },
    {
        "label": "686",
        "name": "oil filter"
    },
    {
        "label": "687",
        "name": "organ"
    },
    {
        "label": "688",
        "name": "oscilloscope"
    },
    {
        "label": "689",
        "name": "overskirt"
    },
    {
        "label": "690",
        "name": "oxcart"
    },
    {
        "label": "691",
        "name": "oxygen mask"
    },
    {
        "label": "692",
        "name": "packet"
    },
    {
        "label": "693",
        "name": "paddle"
    },
    {
        "label": "694",
        "name": "paddlewheel"
    },
    {
        "label": "695",
        "name": "padlock"
    },
    {
        "label": "696",
        "name": "paintbrush"
    },
    {
        "label": "697",
        "name": "pajama"
    },
    {
        "label": "698",
        "name": "palace"
    },
    {
        "label": "699",
        "name": "panpipe"
    },
    {
        "label": "700",
        "name": "paper towel"
    },
    {
        "label": "701",
        "name": "parachute"
    },
    {
        "label": "702",
        "name": "parallel bars"
    },
    {
        "label": "703",
        "name": "park bench"
    },
    {
        "label": "704",
        "name": "parking meter"
    },
    {
        "label": "705",
        "name": "passenger car"
    },
    {
        "label": "706",
        "name": "patio"
    },
    {
        "label": "707",
        "name": "pay-phone"
    },
    {
        "label": "708",
        "name": "pedestal"
    },
    {
        "label": "709",
        "name": "pencil box"
    },
    {
        "label": "710",
        "name": "pencil sharpener"
    },
    {
        "label": "711",
        "name": "perfume"
    },
    {
        "label": "712",
        "name": "Petri dish"
    },
    {
        "label": "713",
        "name": "photocopier"
    },
    {
        "label": "714",
        "name": "pick"
    },
    {
        "label": "715",
        "name": "pickelhaube"
    },
    {
        "label": "716",
        "name": "picket fence"
    },
    {
        "label": "717",
        "name": "pickup"
    },
    {
        "label": "718",
        "name": "pier"
    },
    {
        "label": "719",
        "name": "piggy bank"
    },
    {
        "label": "720",
        "name": "pill bottle"
    },
    {
        "label": "721",
        "name": "pillow"
    },
    {
        "label": "722",
        "name": "ping-pong ball"
    },
    {
        "label": "723",
        "name": "pinwheel"
    },
    {
        "label": "724",
        "name": "pirate"
    },
    {
        "label": "725",
        "name": "pitcher"
    },
    {
        "label": "726",
        "name": "plane"
    },
    {
        "label": "727",
        "name": "planetarium"
    },
    {
        "label": "728",
        "name": "plastic bag"
    },
    {
        "label": "729",
        "name": "plate rack"
    },
    {
        "label": "730",
        "name": "plow"
    },
    {
        "label": "731",
        "name": "plunger"
    },
    {
        "label": "732",
        "name": "Polaroid camera"
    },
    {
        "label": "733",
        "name": "pole"
    },
    {
        "label": "734",
        "name": "police van"
    },
    {
        "label": "735",
        "name": "poncho"
    },
    {
        "label": "736",
        "name": "pool table"
    },
    {
        "label": "737",
        "name": "pop bottle"
    },
    {
        "label": "738",
        "name": "pot"
    },
    {
        "label": "739",
        "name": "potter's wheel"
    },
    {
        "label": "740",
        "name": "power drill"
    },
    {
        "label": "741",
        "name": "prayer rug"
    },
    {
        "label": "742",
        "name": "printer"
    },
    {
        "label": "743",
        "name": "prison"
    },
    {
        "label": "744",
        "name": "projectile"
    },
    {
        "label": "745",
        "name": "projector"
    },
    {
        "label": "746",
        "name": "puck"
    },
    {
        "label": "747",
        "name": "punching bag"
    },
    {
        "label": "748",
        "name": "purse"
    },
    {
        "label": "749",
        "name": "quill"
    },
    {
        "label": "750",
        "name": "quilt"
    },
    {
        "label": "751",
        "name": "racer"
    },
    {
        "label": "752",
        "name": "racket"
    },
    {
        "label": "753",
        "name": "radiator"
    },
    {
        "label": "754",
        "name": "radio"
    },
    {
        "label": "755",
        "name": "radio telescope"
    },
    {
        "label": "756",
        "name": "rain barrel"
    },
    {
        "label": "757",
        "name": "recreational vehicle"
    },
    {
        "label": "758",
        "name": "reel"
    },
    {
        "label": "759",
        "name": "reflex camera"
    },
    {
        "label": "760",
        "name": "refrigerator"
    },
    {
        "label": "761",
        "name": "remote control"
    },
    {
        "label": "762",
        "name": "restaurant"
    },
    {
        "label": "763",
        "name": "revolver"
    },
    {
        "label": "764",
        "name": "rifle"
    },
    {
        "label": "765",
        "name": "rocking chair"
    },
    {
        "label": "766",
        "name": "rotisserie"
    },
    {
        "label": "767",
        "name": "rubber eraser"
    },
    {
        "label": "768",
        "name": "rugby ball"
    },
    {
        "label": "769",
        "name": "rule"
    },
    {
        "label": "770",
        "name": "running shoe"
    },
    {
        "label": "771",
        "name": "safe"
    },
    {
        "label": "772",
        "name": "safety pin"
    },
    {
        "label": "773",
        "name": "saltshaker"
    },
    {
        "label": "774",
        "name": "sandal"
    },
    {
        "label": "775",
        "name": "sarong"
    },
    {
        "label": "776",
        "name": "sax"
    },
    {
        "label": "777",
        "name": "scabbard"
    },
    {
        "label": "778",
        "name": "scale"
    },
    {
        "label": "779",
        "name": "school bus"
    },
    {
        "label": "780",
        "name": "schooner"
    },
    {
        "label": "781",
        "name": "scoreboard"
    },
    {
        "label": "782",
        "name": "screen"
    },
    {
        "label": "783",
        "name": "screw"
    },
    {
        "label": "784",
        "name": "screwdriver"
    },
    {
        "label": "785",
        "name": "seat belt"
    },
    {
        "label": "786",
        "name": "sewing machine"
    },
    {
        "label": "787",
        "name": "shield"
    },
    {
        "label": "788",
        "name": "shoe shop"
    },
    {
        "label": "789",
        "name": "shoji"
    },
    {
        "label": "790",
        "name": "shopping basket"
    },
    {
        "label": "791",
        "name": "shopping cart"
    },
    {
        "label": "792",
        "name": "shovel"
    },
    {
        "label": "793",
        "name": "shower cap"
    },
    {
        "label": "794",
        "name": "shower curtain"
    },
    {
        "label": "795",
        "name": "ski"
    },
    {
        "label": "796",
        "name": "ski mask"
    },
    {
        "label": "797",
        "name": "sleeping bag"
    },
    {
        "label": "798",
        "name": "slide rule"
    },
    {
        "label": "799",
        "name": "sliding door"
    },
    {
        "label": "800",
        "name": "slot"
    },
    {
        "label": "801",
        "name": "snorkel"
    },
    {
        "label": "802",
        "name": "snowmobile"
    },
    {
        "label": "803",
        "name": "snowplow"
    },
    {
        "label": "804",
        "name": "soap dispenser"
    },
    {
        "label": "805",
        "name": "soccer ball"
    },
    {
        "label": "806",
        "name": "sock"
    },
    {
        "label": "807",
        "name": "solar dish"
    },
    {
        "label": "808",
        "name": "sombrero"
    },
    {
        "label": "809",
        "name": "soup bowl"
    },
    {
        "label": "810",
        "name": "space bar"
    },
    {
        "label": "811",
        "name": "space heater"
    },
    {
        "label": "812",
        "name": "space shuttle"
    },
    {
        "label": "813",
        "name": "spatula"
    },
    {
        "label": "814",
        "name": "speedboat"
    },
    {
        "label": "815",
        "name": "spider web"
    },
    {
        "label": "816",
        "name": "spindle"
    },
    {
        "label": "817",
        "name": "sports car"
    },
    {
        "label": "818",
        "name": "spotlight"
    },
    {
        "label": "819",
        "name": "stage"
    },
    {
        "label": "820",
        "name": "steam locomotive"
    },
    {
        "label": "821",
        "name": "steel arch bridge"
    },
    {
        "label": "822",
        "name": "steel drum"
    },
    {
        "label": "823",
        "name": "stethoscope"
    },
    {
        "label": "824",
        "name": "stole"
    },
    {
        "label": "825",
        "name": "stone wall"
    },
    {
        "label": "826",
        "name": "stopwatch"
    },
    {
        "label": "827",
        "name": "stove"
    },
    {
        "label": "828",
        "name": "strainer"
    },
    {
        "label": "829",
        "name": "streetcar"
    },
    {
        "label": "830",
        "name": "stretcher"
    },
    {
        "label": "831",
        "name": "studio couch"
    },
    {
        "label": "832",
        "name": "stupa"
    },
    {
        "label": "833",
        "name": "submarine"
    },
    {
        "label": "834",
        "name": "suit"
    },
    {
        "label": "835",
        "name": "sundial"
    },
    {
        "label": "836",
        "name": "sunglass"
    },
    {
        "label": "837",
        "name": "sunglasses"
    },
    {
        "label": "838",
        "name": "sunscreen"
    },
    {
        "label": "839",
        "name": "suspension bridge"
    },
    {
        "label": "840",
        "name": "swab"
    },
    {
        "label": "841",
        "name": "sweatshirt"
    },
    {
        "label": "842",
        "name": "swimming trunks"
    },
    {
        "label": "843",
        "name": "swing"
    },
    {
        "label": "844",
        "name": "switch"
    },
    {
        "label": "845",
        "name": "syringe"
    },
    {
        "label": "846",
        "name": "table lamp"
    },
    {
        "label": "847",
        "name": "tank"
    },
    {
        "label": "848",
        "name": "tape player"
    },
    {
        "label": "849",
        "name": "teapot"
    },
    {
        "label": "850",
        "name": "teddy"
    },
    {
        "label": "851",
        "name": "television"
    },
    {
        "label": "852",
        "name": "tennis ball"
    },
    {
        "label": "853",
        "name": "thatch"
    },
    {
        "label": "854",
        "name": "theater curtain"
    },
    {
        "label": "855",
        "name": "thimble"
    },
    {
        "label": "856",
        "name": "thresher"
    },
    {
        "label": "857",
        "name": "throne"
    },
    {
        "label": "858",
        "name": "tile roof"
    },
    {
        "label": "859",
        "name": "toaster"
    },
    {
        "label": "860",
        "name": "tobacco shop"
    },
    {
        "label": "861",
        "name": "toilet seat"
    },
    {
        "label": "862",
        "name": "torch"
    },
    {
        "label": "863",
        "name": "totem pole"
    },
    {
        "label": "864",
        "name": "tow truck"
    },
    {
        "label": "865",
        "name": "toyshop"
    },
    {
        "label": "866",
        "name": "tractor"
    },
    {
        "label": "867",
        "name": "trailer truck"
    },
    {
        "label": "868",
        "name": "tray"
    },
    {
        "label": "869",
        "name": "trench coat"
    },
    {
        "label": "870",
        "name": "tricycle"
    },
    {
        "label": "871",
        "name": "trimaran"
    },
    {
        "label": "872",
        "name": "tripod"
    },
    {
        "label": "873",
        "name": "triumphal arch"
    },
    {
        "label": "874",
        "name": "trolleybus"
    },
    {
        "label": "875",
        "name": "trombone"
    },
    {
        "label": "876",
        "name": "tub"
    },
    {
        "label": "877",
        "name": "turnstile"
    },
    {
        "label": "878",
        "name": "typewriter keyboard"
    },
    {
        "label": "879",
        "name": "umbrella"
    },
    {
        "label": "880",
        "name": "unicycle"
    },
    {
        "label": "881",
        "name": "upright"
    },
    {
        "label": "882",
        "name": "vacuum"
    },
    {
        "label": "883",
        "name": "vase"
    },
    {
        "label": "884",
        "name": "vault"
    },
    {
        "label": "885",
        "name": "velvet"
    },
    {
        "label": "886",
        "name": "vending machine"
    },
    {
        "label": "887",
        "name": "vestment"
    },
    {
        "label": "888",
        "name": "viaduct"
    },
    {
        "label": "889",
        "name": "violin"
    },
    {
        "label": "890",
        "name": "volleyball"
    },
    {
        "label": "891",
        "name": "waffle iron"
    },
    {
        "label": "892",
        "name": "wall clock"
    },
    {
        "label": "893",
        "name": "wallet"
    },
    {
        "label": "894",
        "name": "wardrobe"
    },
    {
        "label": "895",
        "name": "warplane"
    },
    {
        "label": "896",
        "name": "washbasin"
    },
    {
        "label": "897",
        "name": "washer"
    },
    {
        "label": "898",
        "name": "water bottle"
    },
    {
        "label": "899",
        "name": "water jug"
    },
    {
        "label": "900",
        "name": "water tower"
    },
    {
        "label": "901",
        "name": "whiskey jug"
    },
    {
        "label": "902",
        "name": "whistle"
    },
    {
        "label": "903",
        "name": "wig"
    },
    {
        "label": "904",
        "name": "window screen"
    },
    {
        "label": "905",
        "name": "window shade"
    },
    {
        "label": "906",
        "name": "Windsor tie"
    },
    {
        "label": "907",
        "name": "wine bottle"
    },
    {
        "label": "908",
        "name": "wing"
    },
    {
        "label": "909",
        "name": "wok"
    },
    {
        "label": "910",
        "name": "wooden spoon"
    },
    {
        "label": "911",
        "name": "wool"
    },
    {
        "label": "912",
        "name": "worm fence"
    },
    {
        "label": "913",
        "name": "wreck"
    },
    {
        "label": "914",
        "name": "yawl"
    },
    {
        "label": "915",
        "name": "yurt"
    },
    {
        "label": "916",
        "name": "web site"
    },
    {
        "label": "917",
        "name": "comic book"
    },
    {
        "label": "918",
        "name": "crossword puzzle"
    },
    {
        "label": "919",
        "name": "street sign"
    },
    {
        "label": "920",
        "name": "traffic light"
    },
    {
        "label": "921",
        "name": "book jacket"
    },
    {
        "label": "922",
        "name": "menu"
    },
    {
        "label": "923",
        "name": "plate"
    },
    {
        "label": "924",
        "name": "guacamole"
    },
    {
        "label": "925",
        "name": "consomme"
    },
    {
        "label": "926",
        "name": "hot pot"
    },
    {
        "label": "927",
        "name": "trifle"
    },
    {
        "label": "928",
        "name": "ice cream"
    },
    {
        "label": "929",
        "name": "ice lolly"
    },
    {
        "label": "930",
        "name": "French loaf"
    },
    {
        "label": "931",
        "name": "bagel"
    },
    {
        "label": "932",
        "name": "pretzel"
    },
    {
        "label": "933",
        "name": "cheeseburger"
    },
    {
        "label": "934",
        "name": "hotdog"
    },
    {
        "label": "935",
        "name": "mashed potato"
    },
    {
        "label": "936",
        "name": "head cabbage"
    },
    {
        "label": "937",
        "name": "broccoli"
    },
    {
        "label": "938",
        "name": "cauliflower"
    },
    {
        "label": "939",
        "name": "zucchini"
    },
    {
        "label": "940",
        "name": "spaghetti squash"
    },
    {
        "label": "941",
        "name": "acorn squash"
    },
    {
        "label": "942",
        "name": "butternut squash"
    },
    {
        "label": "943",
        "name": "cucumber"
    },
    {
        "label": "944",
        "name": "artichoke"
    },
    {
        "label": "945",
        "name": "bell pepper"
    },
    {
        "label": "946",
        "name": "cardoon"
    },
    {
        "label": "947",
        "name": "mushroom"
    },
    {
        "label": "948",
        "name": "Granny Smith"
    },
    {
        "label": "949",
        "name": "strawberry"
    },
    {
        "label": "950",
        "name": "orange"
    },
    {
        "label": "951",
        "name": "lemon"
    },
    {
        "label": "952",
        "name": "fig"
    },
    {
        "label": "953",
        "name": "pineapple"
    },
    {
        "label": "954",
        "name": "banana"
    },
    {
        "label": "955",
        "name": "jackfruit"
    },
    {
        "label": "956",
        "name": "custard apple"
    },
    {
        "label": "957",
        "name": "pomegranate"
    },
    {
        "label": "958",
        "name": "hay"
    },
    {
        "label": "959",
        "name": "carbonara"
    },
    {
        "label": "960",
        "name": "chocolate sauce"
    },
    {
        "label": "961",
        "name": "dough"
    },
    {
        "label": "962",
        "name": "meat loaf"
    },
    {
        "label": "963",
        "name": "pizza"
    },
    {
        "label": "964",
        "name": "potpie"
    },
    {
        "label": "965",
        "name": "burrito"
    },
    {
        "label": "966",
        "name": "red wine"
    },
    {
        "label": "967",
        "name": "espresso"
    },
    {
        "label": "968",
        "name": "cup"
    },
    {
        "label": "969",
        "name": "eggnog"
    },
    {
        "label": "970",
        "name": "alp"
    },
    {
        "label": "971",
        "name": "bubble"
    },
    {
        "label": "972",
        "name": "cliff"
    },
    {
        "label": "973",
        "name": "coral reef"
    },
    {
        "label": "974",
        "name": "geyser"
    },
    {
        "label": "975",
        "name": "lakeside"
    },
    {
        "label": "976",
        "name": "promontory"
    },
    {
        "label": "977",
        "name": "sandbar"
    },
    {
        "label": "978",
        "name": "seashore"
    },
    {
        "label": "979",
        "name": "valley"
    },
    {
        "label": "980",
        "name": "volcano"
    },
    {
        "label": "981",
        "name": "ballplayer"
    },
    {
        "label": "982",
        "name": "groom"
    },
    {
        "label": "983",
        "name": "scuba diver"
    },
    {
        "label": "984",
        "name": "rapeseed"
    },
    {
        "label": "985",
        "name": "daisy"
    },
    {
        "label": "986",
        "name": "yellow lady's slipper"
    },
    {
        "label": "987",
        "name": "corn"
    },
    {
        "label": "988",
        "name": "acorn"
    },
    {
        "label": "989",
        "name": "hip"
    },
    {
        "label": "990",
        "name": "buckeye"
    },
    {
        "label": "991",
        "name": "coral fungus"
    },
    {
        "label": "992",
        "name": "agaric"
    },
    {
        "label": "993",
        "name": "gyromitra"
    },
    {
        "label": "994",
        "name": "stinkhorn"
    },
    {
        "label": "995",
        "name": "earthstar"
    },
    {
        "label": "996",
        "name": "hen-of-the-woods"
    },
    {
        "label": "997",
        "name": "bolete"
    },
    {
        "label": "998",
        "name": "ear"
    },
    {
        "label": "999",
        "name": "toilet tissue"
    }
]